var,val
w1,0.15808846177515537
w2,-0.29051786117886885
w3,-0.08900637892180521
w4,0.6461713089573611
w5,-0.6824422248603496
w6,-0.06197480431804106
w7,1.2486386608565572
b,2.4750025656655925
